/home/treelab10/Desktop/simu_mason/simu_5X_100PE.fastq.000020739	chr9|137145902|+|chr9|136362180|-	16	115	100	100M	100	1.0	2
/home/treelab10/Desktop/simu_mason/simu_5X_100PE.fastq.000028387	chr1|158183156|+|chr1|158180819|+	87	180	94	94M6S	94	1.0	2
/home/treelab10/Desktop/simu_mason/simu_5X_100PE.fastq.000077070	chr1|36296770|+|chr1|166060663|-	56	155	100	100M	100	1.0	1
/home/treelab10/Desktop/simu_mason/simu_5X_100PE.fastq.000078540	chr6|163563719|+|chr6|116647610|-	84	183	100	100M	100	1.0	2
/home/treelab10/Desktop/simu_mason/simu_5X_100PE.fastq.000126919	chr1|222746719|+|chr1|151815425|-	46	145	100	100M	93A6	0.99	1
/home/treelab10/Desktop/simu_mason/simu_5X_100PE.fastq.000127496	chr19|19054321|+|chr19|19051622|+	51	150	100	100M	100	1.0	1
/home/treelab10/Desktop/simu_mason/simu_5X_100PE.fastq.000141967	chr10|59176959|+|chr8|143985328|-	88	168	81	81M19S	81	1.0	1
/home/treelab10/Desktop/simu_mason/simu_5X_100PE.fastq.000149232	chr10|133381659|+|chr10|133379999|+	41	140	100	100M	100	1.0	2
/home/treelab10/Desktop/simu_mason/simu_5X_100PE.fastq.000175938	chrX|107088436|-|chrX|107115556|-	54	153	100	100M	100	1.0	1
/home/treelab10/Desktop/simu_mason/simu_5X_100PE.fastq.000179128	chr3|94094294|+|chr3|94084107|+	25	124	100	100M	86A13	0.99	1
/home/treelab10/Desktop/simu_mason/simu_5X_100PE.fastq.000182675	chr1|28476291|+|chr1|28466382|+	43	142	100	100M	80T19	0.99	2
/home/treelab10/Desktop/simu_mason/simu_5X_100PE.fastq.000208241	chr19|49871547|-|chr19|49873302|-	56	155	100	100M	81G18	0.99	1
/home/treelab10/Desktop/simu_mason/simu_5X_100PE.fastq.000209177	chr4|41260797|+|chr4|184629501|-	31	130	100	100M	100	1.0	1
/home/treelab10/Desktop/simu_mason/simu_5X_100PE.fastq.000214569	chr6|163563719|+|chr6|116647610|-	84	183	100	100M	69C30	0.99	2
/home/treelab10/Desktop/simu_mason/simu_5X_100PE.fastq.000220521	chr1|156676482|-|chr1|222942807|+	68	167	100	100M	100	1.0	2
/home/treelab10/Desktop/simu_mason/simu_5X_100PE.fastq.000228054	chr1|222746719|+|chr1|151815425|-	76	175	100	100M	100	1.0	1
/home/treelab10/Desktop/simu_mason/simu_5X_100PE.fastq.000243831	chr1|28476291|+|chr1|28466382|+	75	174	100	100M	100	1.0	1
/home/treelab10/Desktop/simu_mason/simu_5X_100PE.fastq.000256853	chr5|57246484|+|chr5|149836263|+	70	169	100	100M	100	1.0	1
/home/treelab10/Desktop/simu_mason/simu_5X_100PE.fastq.000352899	chr1|222746719|+|chr1|151815425|-	83	182	100	100M	100	1.0	2
/home/treelab10/Desktop/simu_mason/simu_5X_100PE.fastq.000437212	chr6|11189964|-|chr6|11213727|-	28	127	100	100M	74A25	0.99	1
/home/treelab10/Desktop/simu_mason/simu_5X_100PE.fastq.000458318	chr6|163563719|+|chr6|116647610|-	46	145	100	100M	100	1.0	2
/home/treelab10/Desktop/simu_mason/simu_5X_100PE.fastq.000463812	chr2|233761151|+|chr22|37566072|+	69	168	100	100M	63C36	0.99	1
/home/treelab10/Desktop/simu_mason/simu_5X_100PE.fastq.000542848	chr2|233761151|+|chr22|37566072|+	88	187	100	100M	100	1.0	1
/home/treelab10/Desktop/simu_mason/simu_5X_100PE.fastq.000544499	chr2|233761151|+|chr22|37566072|+	42	141	100	100M	100	1.0	2
/home/treelab10/Desktop/simu_mason/simu_5X_100PE.fastq.000557019	chr1|36296770|+|chr1|166060663|-	45	127	83	17S83M	83	1.0	2
/home/treelab10/Desktop/simu_mason/simu_5X_100PE.fastq.000559005	chr9|103006378|+|chr9|103004695|+	43	142	100	100M	6C63G29	0.98	1
/home/treelab10/Desktop/simu_mason/simu_5X_100PE.fastq.000563947	chr3|51969943|-|chr3|51971892|-	74	173	100	100M	100	1.0	2
/home/treelab10/Desktop/simu_mason/simu_5X_100PE.fastq.000572785	chr6|11189964|-|chr6|11213727|-	84	183	100	100M	100	1.0	2
/home/treelab10/Desktop/simu_mason/simu_5X_100PE.fastq.000579593	chr6|163563719|+|chr6|116647610|-	54	153	100	100M	100	1.0	1
/home/treelab10/Desktop/simu_mason/simu_5X_100PE.fastq.000591599	chr17|79044123|+|chr17|11557754|+	81	180	100	100M	100	1.0	2
/home/treelab10/Desktop/simu_mason/simu_5X_100PE.fastq.000605579	chr3|94094294|+|chr3|94084107|+	44	143	100	100M	77C10T11	0.98	2
/home/treelab10/Desktop/simu_mason/simu_5X_100PE.fastq.000619110	chr17|34635087|+|chr17|19282950|+	90	189	100	100M	100	1.0	1
/home/treelab10/Desktop/simu_mason/simu_5X_100PE.fastq.000621172	chr1|205664485|-|chr1|111982798|-	81	164	84	84M16S	84	1.0	2
/home/treelab10/Desktop/simu_mason/simu_5X_100PE.fastq.000632542	chr5|79316310|+|chr5|79290121|+	70	169	100	100M	100	1.0	1
/home/treelab10/Desktop/simu_mason/simu_5X_100PE.fastq.000659715	chr12|30716508|-|chr12|30729325|-	62	161	100	100M	100	1.0	2
/home/treelab10/Desktop/simu_mason/simu_5X_100PE.fastq.000687488	chr3|51969943|-|chr3|51971892|-	21	120	100	100M	8C91	0.99	2
/home/treelab10/Desktop/simu_mason/simu_5X_100PE.fastq.000764015	chr5|55146628|-|chr1|28466382|+	47	146	100	100M	100	1.0	2
/home/treelab10/Desktop/simu_mason/simu_5X_100PE.fastq.000769599	chr6|42721754|-|chr12|109595028|+	90	189	100	100M	100	1.0	2
/home/treelab10/Desktop/simu_mason/simu_5X_100PE.fastq.000809613	chr1|156676482|-|chr1|222942807|+	22	121	100	100M	100	1.0	2
/home/treelab10/Desktop/simu_mason/simu_5X_100PE.fastq.000835210	chr10|133381659|+|chr10|133379999|+	65	164	100	100M	100	1.0	2
/home/treelab10/Desktop/simu_mason/simu_5X_100PE.fastq.000842991	chr5|57246484|+|chr5|149836263|+	85	184	100	100M	100	1.0	1
/home/treelab10/Desktop/simu_mason/simu_5X_100PE.fastq.000861348	chr2|79026169|+|chr5|144206389|+	49	148	100	100M	100	1.0	2
/home/treelab10/Desktop/simu_mason/simu_5X_100PE.fastq.000868920	chr3|51969943|-|chr3|51971892|-	36	135	100	100M	100	1.0	1
/home/treelab10/Desktop/simu_mason/simu_5X_100PE.fastq.000871338	chr1|205664485|-|chr1|111982798|-	75	174	100	100M	100	1.0	2
/home/treelab10/Desktop/simu_mason/simu_5X_100PE.fastq.000878849	chr3|51969943|-|chr3|51971892|-	55	154	100	100M	100	1.0	1
/home/treelab10/Desktop/simu_mason/simu_5X_100PE.fastq.000879411	chr10|133381659|+|chr10|133379999|+	56	155	100	100M	100	1.0	1
/home/treelab10/Desktop/simu_mason/simu_5X_100PE.fastq.000884639	chr2|170499808|+|chr2|170466506|+	67	166	100	100M	100	1.0	2
/home/treelab10/Desktop/simu_mason/simu_5X_100PE.fastq.000897879	chr22|38056598|+|chr22|38867201|-	24	123	100	100M	100	1.0	1
/home/treelab10/Desktop/simu_mason/simu_5X_100PE.fastq.000909034	chr4|41260797|+|chr4|184629501|-	73	172	100	100M	33T66	0.99	2
/home/treelab10/Desktop/simu_mason/simu_5X_100PE.fastq.000970971	chr19|46388731|+|chr19|46353748|+	13	112	100	100M	87G12	0.99	2
/home/treelab10/Desktop/simu_mason/simu_5X_100PE.fastq.000999766	chr19|40235890|-|chr19|40242687|-	73	172	100	100M	100	1.0	1
/home/treelab10/Desktop/simu_mason/simu_5X_100PE.fastq.001013016	chr10|44984113|+|chr19|36039718|-	13	112	100	100M	100	1.0	2
/home/treelab10/Desktop/simu_mason/simu_5X_100PE.fastq.001018227	chr2|170499808|+|chr2|170466506|+	14	113	100	100M	100	1.0	2
/home/treelab10/Desktop/simu_mason/simu_5X_100PE.fastq.001028375	chr19|10284657|+|chr19|10284129|+	91	190	100	100M	100	1.0	2
/home/treelab10/Desktop/simu_mason/simu_5X_100PE.fastq.001028829	chr15|64162852|-|chr15|101646899|-	30	129	100	100M	18C81	0.99	2
/home/treelab10/Desktop/simu_mason/simu_5X_100PE.fastq.001036325	chr2|79026169|+|chr5|144206389|+	90	189	100	100M	91A8	0.99	2
/home/treelab10/Desktop/simu_mason/simu_5X_100PE.fastq.001039116	chr10|133381659|+|chr10|133379999|+	74	173	100	100M	100	1.0	1
/home/treelab10/Desktop/simu_mason/simu_5X_100PE.fastq.001057899	chr10|44984113|+|chr19|36039718|-	47	146	100	100M	35A64	0.99	1
/home/treelab10/Desktop/simu_mason/simu_5X_100PE.fastq.001068010	chr10|59176959|+|chr8|143985328|-	14	113	100	100M	63C36	0.99	2
/home/treelab10/Desktop/simu_mason/simu_5X_100PE.fastq.001086927	chr10|133381659|+|chr10|133379999|+	11	110	100	100M	100	1.0	2
/home/treelab10/Desktop/simu_mason/simu_5X_100PE.fastq.001091023	chr1|158183156|+|chr1|158180819|+	48	147	100	100M	96C3	0.99	1
/home/treelab10/Desktop/simu_mason/simu_5X_100PE.fastq.001095588	chr10|133381659|+|chr10|133379999|+	71	170	100	100M	73C26	0.99	1
/home/treelab10/Desktop/simu_mason/simu_5X_100PE.fastq.001104761	chr15|70701877|-|chr15|72752895|-	58	157	100	100M	0G38C60	0.98	2
/home/treelab10/Desktop/simu_mason/simu_5X_100PE.fastq.001121105	chr9|103006378|+|chr9|103004695|+	71	170	100	100M	58A41	0.99	1
/home/treelab10/Desktop/simu_mason/simu_5X_100PE.fastq.001131591	chr2|233761151|+|chr22|37566072|+	15	111	97	97M3S	97	1.0	1
/home/treelab10/Desktop/simu_mason/simu_5X_100PE.fastq.001149984	chr15|70701877|-|chr15|72752895|-	49	148	100	100M	100	1.0	1
/home/treelab10/Desktop/simu_mason/simu_5X_100PE.fastq.001153106	chr3|94094294|+|chr3|94084107|+	15	114	100	100M	81A16A1	0.98	1
/home/treelab10/Desktop/simu_mason/simu_5X_100PE.fastq.001164809	chr15|70701877|-|chr15|72752895|-	49	148	100	100M	100	1.0	1
/home/treelab10/Desktop/simu_mason/simu_5X_100PE.fastq.001206977	chr6|42721754|-|chr12|109595028|+	30	129	100	100M	74C25	0.99	2
/home/treelab10/Desktop/simu_mason/simu_5X_100PE.fastq.001235718	chr1|156676482|-|chr1|222942807|+	44	141	98	98M2S	19G42A35	0.9796	1
/home/treelab10/Desktop/simu_mason/simu_5X_100PE.fastq.001264361	chr2|233761151|+|chr22|37566072|+	37	111	75	75M25S	75	1.0	2
/home/treelab10/Desktop/simu_mason/simu_5X_100PE.fastq.001286935	chr1|226277775|-|chr1|149906039|-	47	146	100	100M	100	1.0	2
/home/treelab10/Desktop/simu_mason/simu_5X_100PE.fastq.001339825	chr1|226277775|-|chr1|149906039|-	83	182	100	100M	100	1.0	1
/home/treelab10/Desktop/simu_mason/simu_5X_100PE.fastq.001353491	chr1|156676482|-|chr1|222942807|+	56	155	100	100M	7G92	0.99	1
/home/treelab10/Desktop/simu_mason/simu_5X_100PE.fastq.001355791	chr5|149845914|+|chr5|149832656|+	25	124	100	100M	100	1.0	2
/home/treelab10/Desktop/simu_mason/simu_5X_100PE.fastq.001383562	chr22|38056598|+|chr22|38867201|-	56	155	100	100M	43A56	0.99	2
/home/treelab10/Desktop/simu_mason/simu_5X_100PE.fastq.001387568	chr1|156676482|-|chr1|222942807|+	37	136	100	100M	9A16G73	0.98	1
/home/treelab10/Desktop/simu_mason/simu_5X_100PE.fastq.001420146	chr6|42721754|-|chr12|109595028|+	23	122	100	100M	81C18	0.99	2
/home/treelab10/Desktop/simu_mason/simu_5X_100PE.fastq.001435860	chr1|156676482|-|chr1|222942807|+	23	122	100	100M	40G59	0.99	2
/home/treelab10/Desktop/simu_mason/simu_5X_100PE.fastq.001471802	chr2|237692521|+|chr12|557608|+	62	161	100	100M	83G16	0.99	1
/home/treelab10/Desktop/simu_mason/simu_5X_100PE.fastq.001472632	chr10|133381659|+|chr10|133379999|+	33	132	100	100M	100	1.0	2
/home/treelab10/Desktop/simu_mason/simu_5X_100PE.fastq.001483181	chr9|103006378|+|chr9|103004695|+	32	131	100	100M	100	1.0	1
/home/treelab10/Desktop/simu_mason/simu_5X_100PE.fastq.001525178	chr1|158183156|+|chr1|158180819|+	63	162	100	100M	100	1.0	1
/home/treelab10/Desktop/simu_mason/simu_5X_100PE.fastq.001537486	chr5|178589904|-|chr5|56933398|-	44	143	100	100M	100	1.0	1
/home/treelab10/Desktop/simu_mason/simu_5X_100PE.fastq.001548718	chr1|156676482|-|chr1|222942807|+	90	189	100	100M	79A20	0.99	1
/home/treelab10/Desktop/simu_mason/simu_5X_100PE.fastq.001549148	chr1|156676482|-|chr1|222942807|+	52	151	100	100M	11G88	0.99	2
/home/treelab10/Desktop/simu_mason/simu_5X_100PE.fastq.001558450	chr1|205664485|-|chr1|111982798|-	20	119	100	100M	100	1.0	2
/home/treelab10/Desktop/simu_mason/simu_5X_100PE.fastq.001574403	chr12|52808686|-|chr12|118255655|-	88	187	100	100M	36A25A37	0.98	1
/home/treelab10/Desktop/simu_mason/simu_5X_100PE.fastq.001574403	chr12|52808686|-|chr12|118255655|-	21	120	100	100M	100	1.0	2
/home/treelab10/Desktop/simu_mason/simu_5X_100PE.fastq.001584820	chr15|64162852|-|chr15|101646899|-	25	124	100	100M	8T37A27A25	0.97	1
/home/treelab10/Desktop/simu_mason/simu_5X_100PE.fastq.001598121	chr6|11189964|-|chr6|11213727|-	14	113	100	100M	100	1.0	1
/home/treelab10/Desktop/simu_mason/simu_5X_100PE.fastq.001613952	chr5|57246484|+|chr5|149836263|+	45	144	100	100M	100	1.0	2
/home/treelab10/Desktop/simu_mason/simu_5X_100PE.fastq.001655444	chr19|49871547|-|chr19|49873302|-	34	133	100	100M	58A41	0.99	2
/home/treelab10/Desktop/simu_mason/simu_5X_100PE.fastq.001665328	chr5|149845914|+|chr5|149832656|+	59	158	100	100M	100	1.0	1
/home/treelab10/Desktop/simu_mason/simu_5X_100PE.fastq.001679610	chr12|30716508|-|chr12|30729325|-	71	170	100	100M	100	1.0	1
/home/treelab10/Desktop/simu_mason/simu_5X_100PE.fastq.001689602	chr6|42721754|-|chr12|109595028|+	78	177	100	100M	0T25C73	0.98	1
/home/treelab10/Desktop/simu_mason/simu_5X_100PE.fastq.001702211	chr1|156676482|-|chr1|222942807|+	44	143	100	100M	19G67A12	0.98	1
/home/treelab10/Desktop/simu_mason/simu_5X_100PE.fastq.001735438	chr5|178589904|-|chr5|56933398|-	46	145	100	100M	100	1.0	2
/home/treelab10/Desktop/simu_mason/simu_5X_100PE.fastq.001749941	chr6|62285858|-|chr1|27353713|+	72	171	100	100M	100	1.0	2
/home/treelab10/Desktop/simu_mason/simu_5X_100PE.fastq.001750785	chr17|34635087|+|chr17|19282950|+	24	123	100	100M	15T84	0.99	1
/home/treelab10/Desktop/simu_mason/simu_5X_100PE.fastq.001754831	chr5|178589904|-|chr5|56933398|-	61	160	100	100M	100	1.0	1
/home/treelab10/Desktop/simu_mason/simu_5X_100PE.fastq.001783766	chr9|137145902|+|chr9|136362180|-	46	145	100	100M	100	1.0	1
/home/treelab10/Desktop/simu_mason/simu_5X_100PE.fastq.001819627	chr2|79026169|+|chr5|144206389|+	29	116	88	88M12S	88	1.0	2
/home/treelab10/Desktop/simu_mason/simu_5X_100PE.fastq.001860878	chr1|222746719|+|chr1|151815425|-	23	122	100	100M	100	1.0	2
/home/treelab10/Desktop/simu_mason/simu_5X_100PE.fastq.001866100	chr6|163563719|+|chr6|116647610|-	40	139	100	100M	100	1.0	2
/home/treelab10/Desktop/simu_mason/simu_5X_100PE.fastq.001869808	chr17|34635087|+|chr17|19282950|+	36	135	100	100M	100	1.0	2
/home/treelab10/Desktop/simu_mason/simu_5X_100PE.fastq.001880340	chr1|226277775|-|chr1|149906039|-	18	117	100	100M	100	1.0	2
/home/treelab10/Desktop/simu_mason/simu_5X_100PE.fastq.001901178	chr1|156676482|-|chr1|222942807|+	59	158	100	100M	4G95	0.99	1
/home/treelab10/Desktop/simu_mason/simu_5X_100PE.fastq.001901360	chr6|11189964|-|chr6|11213727|-	45	144	100	100M	60T39	0.99	1
/home/treelab10/Desktop/simu_mason/simu_5X_100PE.fastq.001937892	chr6|11189964|-|chr6|11213727|-	35	134	100	100M	100	1.0	2
/home/treelab10/Desktop/simu_mason/simu_5X_100PE.fastq.001944886	chr3|51969943|-|chr3|51971892|-	56	155	100	100M	100	1.0	1
/home/treelab10/Desktop/simu_mason/simu_5X_100PE.fastq.001995818	chr22|38056598|+|chr22|38867201|-	23	122	100	100M	100	1.0	2
/home/treelab10/Desktop/simu_mason/simu_5X_100PE.fastq.002012975	chr2|79026169|+|chr5|144206389|+	27	126	100	100M	100	1.0	2
/home/treelab10/Desktop/simu_mason/simu_5X_100PE.fastq.002019216	chr15|64162852|-|chr15|101646899|-	56	155	100	100M	100	1.0	1
/home/treelab10/Desktop/simu_mason/simu_5X_100PE.fastq.002038868	chr5|55146628|-|chr1|28466382|+	21	120	100	100M	100	1.0	1
/home/treelab10/Desktop/simu_mason/simu_5X_100PE.fastq.002042299	chr6|11189964|-|chr6|11213727|-	15	114	100	100M	100	1.0	1
/home/treelab10/Desktop/simu_mason/simu_5X_100PE.fastq.002070825	chr1|205664485|-|chr1|111982798|-	88	187	100	100M	100	1.0	2
/home/treelab10/Desktop/simu_mason/simu_5X_100PE.fastq.002097203	chr17|79044123|+|chr17|11557754|+	13	112	100	100M	100	1.0	2
/home/treelab10/Desktop/simu_mason/simu_5X_100PE.fastq.002099891	chr1|226277775|-|chr1|149906039|-	53	152	100	100M	100	1.0	1
/home/treelab10/Desktop/simu_mason/simu_5X_100PE.fastq.002147305	chr17|79044123|+|chr17|11557754|+	26	125	100	100M	100	1.0	2
/home/treelab10/Desktop/simu_mason/simu_5X_100PE.fastq.002178791	chr1|66970959|+|chr1|66958059|+	31	130	100	100M	100	1.0	2
